"line_no","images","doc_no","type","date","place","#no longer used#","names_int","names_comp"
8035,"CH_Bm_prg-1794",471,"Concert","19690509","Basel, Hans Huber-Saal des Stadtcasinos Basel","Leonhardt Consort, Amsterdam","Leonhardt, Gustav","Purcell, Henry"
8036,"CH_Bm_prg-1795",,,,,,"Leonhardt, Marie","Hacquart, Carolus"
8037,"CH_Bm_prg-1796",,,,,,"Hombergh, Antoinette van den","Marini, Biagio"
8038,,,,,,,"Have, Wim ten","Biber, Heinrich Ignaz Franz von"
8039,,,,,,,"Boer, Lodewijk de","Muffat, Georg"
8040,,,,,,,"Koster, Dijk","Bach, Johann Sebastian"
8041,"CH_Bm_prg-3027","472","Season","20170926","Basel, Peterskirche","Ensemble Le miroir de musique","Lutzenberger, Sabine","Lantins, Arnold de"
8042,"CH_Bm_prg-3028",,,,,,"Miller, Tobie","Lantins, Hugo de"
8043,"CH_Bm_prg-3029",,,,,,"Fröhlich, Bernd Oliver",
8044,"CH_Bm_prg-3030",,,,,,"Schulz, Achim",
8045,"CH_Bm_prg-3031",,,,,,"Piganio, Claire",
8046,"CH_Bm_prg-3032",,,,,,"Rumsey, Elizabeth",
8047,"CH_Bm_prg-3033",,,,,,"Lewon, Marc",
8048,"CH_Bm_prg-3034",,,,,,"Romain, Baptiste",
8049,"CH_Bm_prg-3035",,,"20171107","Basel, Predigerkirche","Ensemble Micrologus","Bovi, Patrizia",
8050,"CH_Bm_prg-3036",,,,,,"Montilla, Andres",
8051,"CH_Bm_prg-3037",,,,,,"Sorini, Simone",
8052,"CH_Bm_prg-3038",,,,,,"Sorini, Enea",
8053,"CH_Bm_prg-3039",,,,,,"Degli Esposti, Goffredo",
8054,"CH_Bm_prg-3040",,,,,,"Russo, Gabriele",
8055,"CH_Bm_prg-3041",,,,,,"Art, Masako",
8056,"CH_Bm_prg-3042",,,,,,"La Marca, Gianni",
8057,"CH_Bm_prg-3043",,,,,,"Miracle, Gabriele",
8058,"CH_Bm_prg-3044",,,,,,"Young, Crawford",
8059,"CH_Bm_prg-3045",,,"20171203","Basel, Grosser Saal der Musik-Akademie",,"Baù, Teodoro","Forqueray, Jean-Baptiste"
8060,"CH_Bm_prg-3046",,,,,,"Bortolotto, Leonardo","Forqueray, Antoine"
8061,"CH_Bm_prg-3047",,,,,,"Buccarella, Andrea","Corelli, Arcangelo"
8062,"CH_Bm_prg-3048",,,,,,"Duncumb, Jadran","Duphly, Jacques"
8063,"CH_Bm_prg-3049",,,"20180107","Basel, Allgemeine Lesegesellschaft","Domus Artis Ensemble","Keller, Johannes","Rossi, Michelangelo"
8064,"CH_Bm_prg-3050",,,"20180108",,,"Menconi, Florencia",
8065,"CH_Bm_prg-3051",,,,,,"Mentes, Dániel",
8066,"CH_Bm_prg-3052",,,,,,"Quinderé, Breno",
8067,"CH_Bm_prg-3053",,,,,,"Szántó, Csongor",
8068,"CH_Bm_prg-3054",,,,,,"Haun de Oliveira, Ivo",
8069,"CH_Bm_prg-3055",,,,,,"Kleine, Michael",
8070,,,,"20180127","Basel, Leonhardskirche","Schola Cantorum Basiliensis, Solisten, Studierende und Dozierende","Sepúlveda, Carlos Federico","Senfl, Ludwig"
8071,,,,,,,"Türk, Gerd",
8072,,,,,,,"Steinmann, Conrad",
8073,,,,"20180306","Basel, Leonhardskirche",,"Mauillon, Marc","Monteverdi, Claudio"
8074,,,,,,,"Heumann, Friederike","Ferrari, Benedetto"
8075,,,,,,,"Mauillon, Angélique","Le Camus, Sébastien"
8076,,,,,,,,"Moulinié, Étienne"
8077,,,,"20180408","Basel, Martinskirche",,"Nikitassova, Plamena",
8078,,,,,,,"Behr, Julian",
8079,,,,,,,"Müller, Matthias",
8080,,,,,,,"Bötticher, Jörg-Andreas",
8081,,,,"20180524","Basel, Scala","Ad fontes","Freyburger, Aude","Purcell, Henry"
8082,,,,"20180525",,"Chorea Basileae","Ferri-Benedetti, Flavio","Marais, Marin"
8083,,,,,,,"Dunkelblum, Dan","Vivaldi, Antonio"
8084,,,,,,,"Akhmetov, Andrey","Leininger, Thomas"
8085,,,,,,,"Grässle, Philipp","Charaf, Bardia"
8086,,,,,,,"Weller, Sharon",
8087,,,,,,,"Heiter, Berenike",
8088,,,,,,,"Gal, Mojca",
8089,,,,"20180620","Basel, Martinskirche","Les Cornets noirs","Friedrich, Wolf Matthias","Marini, Biagio"
8090,,,,,,,"Beyer, Amandine","Peranda, Giuseppe"
8091,,,,,,,"Stawiarski, Cosimo","Bertali, Antonio"
8092,,,,,,,"Smith, Bork-Frithjof","Schütz, Heinrich"
8093,,,,,,,"David, Gebhard","Reina, Sisto"
8094,,,,,,,"Mechelen, Simen van","Gletle, Johann Melchior"
8095,,,,,,,"Wiegräbe, Henning",
8096,,,,,,,"Reimers, Detlef",
8097,,,,,,,"Günther, Fernando",
8098,,,,,,,"Sepec, Patrick",
8099,,,,,,,"Spaeter, Matthias",
8100,,,,,,,"Strobl, Johannes",
8101,"CH_Bm_prg-3056","473","Concert","20161026","Basel, Martinskirche","Ensemble Lucidarium","Fink, Enrico","Bottegari, Cosimo"
8102,"CH_Bm_prg-3057",,,,,,"Moretti, Gloria","Anonymus"
8103,"CH_Bm_prg-3058",,,,,,"Capurso, Anna Pia","Heckel, Wolff"
8104,"CH_Bm_prg-3059",,,,,,"Leibovici, Lior","Pisador, Diego"
8105,"CH_Bm_prg-3060",,,,,,"Marcelli, Simone","Nola, Giovanni Domenico da"
8106,"CH_Bm_prg-3061",,,,,,"Gosfield, Avery","Novello, Lodovico"
8107,"CH_Bm_prg-3062",,,,,,"Ferrari, Marco","Tromboncino, Bartolomeo"
8108,"CH_Bm_prg-3063",,,,,,"Biggi, Francis","Dammonis, Innocentius"
8109,"CH_Bm_prg-3064",,,,,,"Dragoni, Massimiliano","Pesenti, Martino"
8110,"CH_Bm_prg-3065",,,,,,"Poirier, Éloise","Tromboncino, Bartolomeo"
8111,"CH_Bm_prg-3066",,,,,,"Lesne, Amandine","Cara, Marchetto"
8112,"CH_Bm_prg-3067",,,,,,"Fabiani, Silvia","Dalza, Joan Ambrosio"
8113,"CH_Bm_prg-3068",,,,,,"Ensemble Lucidarium","Hainhofer, Philipp"
8114,"CH_Bm_prg-3069",,,,,,,
8115,"CH_Bm_prg-3070",,,,,,,
8116,"CH_Bm_prg-3071",,,,,,,
8117,"CH_Bm_prg-3072",,,,,,,
8118,"CH_Bm_prg-3073",,,,,,,
8119,"CH_Bm_prg-3074",,,,,,,
8120,"CH_Bm_prg-3075",,,,,,,
8121,"CH_Bm_prg-3076",,,,,,,
8122,"CH_Bm_prg-3077",,,,,,,
8123,"CH_Bm_prg-3078",,,,,,,
8124,"CH_Bm_prg-3079","474","Concert","20161125","Basel, Predigerkirche","Vokalensemble La Pedrina","Pandolfo, Paolo","Bassani, Orazio"
8125,"CH_Bm_prg-3080",,,,,,"Bortolotto, Leonardo","Sandrin, Pierre"
8126,"CH_Bm_prg-3081",,,,,,"Boysen, Thomas C.","Bonizzi, Vincenzo"
8127,"CH_Bm_prg-3082",,,,,,"Pedrini, Francesco Saverio","Ortiz, Diego"
8128,"CH_Bm_prg-3083",,,,,,"Jublin, Gabriel","Palestrina, Giovanni Pierluigi da"
8129,"CH_Bm_prg-3084",,,,,,"Deger, Matthias","Rognoni Taeggio, Francesco"
8130,"CH_Bm_prg-3085",,,,,,"Borgonovo, Paolo","Rore, Cipriano de"
8131,"CH_Bm_prg-3086",,,,,,"Grigalis, Raitis","Dalla Casa, Girolamo"
8132,"CH_Bm_prg-3087",,,,,,"Bellotto, Matteo","Lasso, Orlando di"
8133,"CH_Bm_prg-3088",,,,,,"Ensemble La Pedrina","Virgiliano, Aureliano"
8134,"CH_Bm_prg-3089",,,,,,,"Crecquillon, Thomas"
8135,"CH_Bm_prg-3090",,,,,,,"Rognoni, Riccardo"
8136,"CH_Bm_prg-3091",,,,,,,
8137,"CH_Bm_prg-3092",,,,,,,
8138,"CH_Bm_prg-3093",,,,,,,
8139,"CH_Bm_prg-3094",,,,,,,
8140,"CH_Bm_prg-3095",,,,,,,
8141,"CH_Bm_prg-3096",,,,,,,
8142,"CH_Bm_prg-3097",,,,,,,
8143,"CH_Bm_prg-3098",,,,,,,
8144,"CH_Bm_prg-3099",,,,,,,
8145,"CH_Bm_prg-3100","475","Concert","20170225","Basel, Kaserne",,"Keersmaeker, Anne Teresa de","Bach, Johann Sebastian"
8146,"CH_Bm_prg-3101",,,"20170226",,,"Charmatz, Boris",
8147,"CH_Bm_prg-3102",,,,,,"Beyer, Amandine",
8148,"CH_Bm_prg-3103",,,,,,"François, Michel",
8149,"CH_Bm_prg-3104",,,,,,"Kunz, Anne-Catherine",
8150,,,,,,,"Dam, George Alexander van",
8151,"CH_Bm_prg-3105","476","Concert","20170317","Basel, Predigerkirche","Ensemble Sequentia","Bagby, Benjamin","Anonymus"
8152,"CH_Bm_prg-3106",,,,,,"Marti, Hanna","Notker Balbulus"
8153,"CH_Bm_prg-3107",,,,,,"Rodenkirchen, Norbert",
8154,"CH_Bm_prg-3108",,,,,,"Ensemble Sequentia",
8155,"CH_Bm_prg-3109",,,,,,,
8156,"CH_Bm_prg-3110",,,,,,,
8157,"CH_Bm_prg-3111",,,,,,,
8158,"CH_Bm_prg-3112",,,,,,,
8159,"CH_Bm_prg-3113",,,,,,,
8160,"CH_Bm_prg-3114",,,,,,,
8161,"CH_Bm_prg-3115",,,,,,,
8162,"CH_Bm_prg-3116",,,,,,,
8163,"CH_Bm_prg-3117",,,,,,,
8164,"CH_Bm_prg-3118",,,,,,,
8165,"CH_Bm_prg-3119",,,,,,,
8166,"CH_Bm_prg-3120",,,,,,,
8167,"CH_Bm_prg-3121",,,,,,,
8168,"CH_Bm_prg-3122",,,,,,,
8169,"CH_Bm_prg-3123",,,,,,,
8170,"CH_Bm_prg-3124",,,,,,,
8171,"CH_Bm_prg-3125",,,,,,,
8172,"CH_Bm_prg-3126",,,,,,,
8173,"CH_Bm_prg-3127",,,,,,,
8174,"CH_Bm_prg-3128",,,,,,,
8175,"CH_Bm_prg-3129",,,,,,,
8176,"CH_Bm_prg-3130",,,,,,,
8177,"CH_Bm_prg-3131",,,,,,,
8178,"CH_Bm_prg-3132",,,,,,,
8179,"CH_Bm_prg-3133",,,,,,,
8180,"CH_Bm_prg-3134",,,,,,,
8181,"CH_Bm_prg-3135","477","Concert","20170406","Basel, Peterskirche","Ensemble La morra","Schleifer, Doron","Petrus Wilhelmi de Grudencz"
8182,"CH_Bm_prg-3136",,,,,,"Haun de Oliveira, Ivo","Nicolaus de Radom"
8183,"CH_Bm_prg-3137",,,,,,"Schiavo, Giacomo","Opilio, Othmarus"
8184,"CH_Bm_prg-3138",,,,,,"León, Sebastián","Tourout, Johannes"
8185,"CH_Bm_prg-3139",,,,,,"Marti, Corina","Anonymus"
8186,"CH_Bm_prg-3140",,,,,,"Gondko, Michał",
8187,"CH_Bm_prg-3141",,,,,,"Danilevskaia, Anna",
8188,"CH_Bm_prg-3142",,,,,,"Ensemble La morra",
8189,"CH_Bm_prg-3143",,,,,,,
8190,"CH_Bm_prg-3144",,,,,,,
8191,"CH_Bm_prg-3145",,,,,,,
8192,"CH_Bm_prg-3146",,,,,,,
8193,"CH_Bm_prg-3147",,,,,,,
8194,"CH_Bm_prg-3148",,,,,,,
8195,"CH_Bm_prg-3149",,,,,,,
8196,"CH_Bm_prg-3150",,,,,,,
8197,"CH_Bm_prg-3151",,,,,,,
8198,"CH_Bm_prg-3152",,,,,,,
8199,"CH_Bm_prg-3153",,,,,,,
8200,"CH_Bm_prg-3154",,,,,,,
8201,"CH_Bm_prg-3155",,,,,,,
8202,"CH_Bm_prg-3156",,,,,,,
8203,"CH_Bm_prg-3157",,,,,,,
8204,"CH_Bm_prg-3158",,,,,,,
8205,"CH_Bm_prg-3159",,,,,,,
8206,"CH_Bm_prg-3160",,,,,,,
8207,"CH_Bm_prg-3161",,,,,,,
8208,"CH_Bm_prg-3162",,,,,,,
8209,"CH_Bm_prg-3163",,,,,,,
8210,"CH_Bm_prg-3164",,,,,,,
8211,"CH_Bm_prg-3165",,,,,,,
8212,"CH_Bm_prg-3166",,,,,,,
8213,"CH_Bm_prg-3167",,,,,,,
8214,"CH_Bm_prg-3168",,,,,,,
8215,"CH_Bm_prg-3169",,,,,,,
8216,"CH_Bm_prg-3170",,,,,,,
8217,"CH_Bm_prg-3171",,,,,,,
8218,"CH_Bm_prg-3172",,,,,,,
8219,"CH_Bm_prg-3173","478","Concert","20170503","Arlesheim, Dom","Schola Cantorum Basiliensis, Chor und Orchester","Sato, Yukie","Mozart, Wolfgang Amadeus"
8220,"CH_Bm_prg-3174",,,,,,"König, Dina",
8221,"CH_Bm_prg-3175",,,,,,"Lawrence, Jacob",
8222,"CH_Bm_prg-3176",,,,,,"Faust, Roland",
8223,"CH_Bm_prg-3177",,,,,,"Marcon, Andrea",
8224,"CH_Bm_prg-3178",,,,,,"Schwenkreis, Markus",
8225,"CH_Bm_prg-3179",,,,,,"Sepúlveda, Carlos Federico",
8226,"CH_Bm_prg-3180",,,,,,"Bachleitner, Anna",
8227,"CH_Bm_prg-3181",,,,,,"Kenny, Aisling Marie",
8228,"CH_Bm_prg-3182",,,,,,"Kirchner, Julia",
8229,"CH_Bm_prg-3183",,,,,,"Lelièvre, Jeanne-Marie",
8230,"CH_Bm_prg-3184",,,,,,"Terranova, Anastasia",
8231,"CH_Bm_prg-3185",,,,,,"Fonseca Nuñez, Ana Maria",
8232,"CH_Bm_prg-3186",,,,,,"Lopes de Castro, Manuela",
8233,"CH_Bm_prg-3187",,,,,,"Melish, Roman",
8234,"CH_Bm_prg-3188",,,,,,"Roos, Tessa",
8235,"CH_Bm_prg-3189",,,,,,"Sone, Aiko",
8236,"CH_Bm_prg-3190",,,,,,"Veiteberg, Andres",
8237,"CH_Bm_prg-3191",,,,,,"Wattam, Christopher",
8238,"CH_Bm_prg-3192",,,,,,"Ôno, Akinobu",
8239,"CH_Bm_prg-3193",,,,,,"Stähelin, Rui",
8240,"CH_Bm_prg-3194",,,,,,"Szántó, Csongor",
8241,"CH_Bm_prg-3195",,,,,,"Waas, Anian",
8242,"CH_Bm_prg-3196",,,,,,"Zanolli, Valerio Giuseppe",
8243,"CH_Bm_prg-3197",,,,,,"Vithanage, Lathika",
8244,"CH_Bm_prg-3198",,,,,,"Raymond-Jarczyk, Corinne",
8245,"CH_Bm_prg-3199",,,,,,"Makarenko, Vadym",
8246,"CH_Bm_prg-3200",,,,,,"Müller, Cécile",
8247,"CH_Bm_prg-3201",,,,,,"Ohshita, Shio",
8248,"CH_Bm_prg-3202",,,,,,"Sohn, Maria",
8249,"CH_Bm_prg-3203",,,,,,"Hamberger, Lukas",
8250,"CH_Bm_prg-3204",,,,,,"Bardonnèche, Sophie de",
8251,"CH_Bm_prg-3205",,,,,,"Amstutz, Anna",
8252,"CH_Bm_prg-3206",,,,,,"Carducci, Natalie",
8253,,,,,,,"Schwob, Julia",
8254,,,,,,,"Banos, Talia",
8255,,,,,,,"Rogers, Anna Liza",
8256,,,,,,,"Okubo, Satoko",
8257,,,,,,,"Hage, Sophie Luise",
8258,,,,,,,"Nicolas, Caroline",
8259,,,,,,,"Rovirosa, Carla",
8260,,,,,,,"Paoli, Nicola",
8261,,,,,,,"Caceres, Pablo",
8262,,,,,,,"Albenga, Giacomo",
8263,,,,,,,"Herden, Natalia",
8264,,,,,,,"Dozler, Bettina",
8265,,,,,,,"Sindelár, Ondrej",
8266,,,,,,,"Chiang, Martin",
8267,,,,,,,"Lézy, Jules",
8268,,,,,,,"Julien-Laferrière, Lucien",
8269,,,,,,,"Kalitzky, Einat",
8270,,,,,,,"Weiss, Jochen",
8271,,,,,,,"Serafini, Daniel",
8272,,,,,,,"Meyer, Constantin",
8273,,,,,,,"Dyer, Stephanie",
8274,,,,,,,"Santos, Hiram",
8275,,,,,,,"De Nardo, Giulio",
8276,"CH_Bm_prg-3207","479","Concert","20161213","Basel, Leonhardskirche","Ensemble Concerto di Margherita","Vogrin, Tanja","Frescobaldi, Girolamo"
8277,"CH_Bm_prg-3208",,,,,,"Baviera, Giovanna","Monteverdi, Claudio"
8278,"CH_Bm_prg-3209",,,,,,"Benetti, Francesca","Gabrieli, Giovanni"
8279,"CH_Bm_prg-3210",,,,,,"Staehelin, Rui","Macque, Giovanni de"
8280,"CH_Bm_prg-3211",,,,,,"Leitão Pedro, Ricardo","Kapsperger, Giovanni Girolamo"
8281,"CH_Bm_prg-3212",,,,,,"Ensemble Concerto di Margherita","Luzzaschi, Luzzasco"
8282,"CH_Bm_prg-3213",,,,,,,"Gabrieli, Andrea"
8283,"CH_Bm_prg-3214",,,,,,,"Marenzio, Luca"
8284,"CH_Bm_prg-3215",,,,,,,"Baviera, Giovanna"
8285,"CH_Bm_prg-3216",,,,,,,"Wert, Giaches de"
8286,"CH_Bm_prg-3217",,,,,,,"Agostini, Lodovico"
8287,"CH_Bm_prg-3218","480","Concert","20170131","Basel, Leonhardskirche",,"Sato, Yukie","Paolo da Firenze"
8288,"CH_Bm_prg-3219",,,,,,"Devillers, Perrine","Donato da Firenze"
8289,"CH_Bm_prg-3220",,,,,,"Simon, Vivien","Landini, Francesco"
8290,"CH_Bm_prg-3221",,,,,,"Danilevskaia, Sophia","Lorenzo da Firenze"
8291,"CH_Bm_prg-3222",,,,,,"Kibildis, Vincent","Giovanni da Cascia"
8292,"CH_Bm_prg-3223",,,,,,"Danilevskaia, Anna",
8293,"CH_Bm_prg-3224",,,,,,"Bartz, Johanna",
8294,"CH_Bm_prg-3225",,,,,,"Helou, Roger",
8295,"CH_Bm_prg-3226",,,,,,"Sollazzo ensemble",
8296,"CH_Bm_prg-3227",,,,,,,
8297,"CH_Bm_prg-3228",,,,,,,
8298,"CH_BM_prg-3229","481","Concert","20180127","Basel, Leonhardskirche",,"Dunoyer, Béatrice","Senfl, Ludwig"
8299,"CH_BM_prg-3230",,,,,,"Farnell, Amy",
8300,"CH_BM_prg-3231",,,,,,"Menconi, Florencia",
8301,"CH_BM_prg-3232",,,,,,"Ross, Tessa",
8302,"CH_BM_prg-3233",,,,,,"Striegel, Mirjam",
8303,"CH_BM_prg-3234",,,,,,"Haun de Oliveira, Ivo",
8304,"CH_BM_prg-3235",,,,,,"Leitão Pedro, Ricardo",
8305,"CH_BM_prg-3236",,,,,,"Mentes, Dániel",
8306,"CH_BM_prg-3237",,,,,,"Renaud, Pascal",
8307,"CH_BM_prg-3238",,,,,,"Boyle, Philip Edvard",
8308,"CH_BM_prg-3239",,,,,,"Cugelj, Tin",
8309,"CH_BM_prg-3240",,,,,,"Karagöz, Ozan",
8310,"CH_BM_prg-3241",,,,,,"Lawrence, Jacob",
8311,"CH_BM_prg-3242",,,,,,"Paulin, Loïc",
8312,"CH_BM_prg-3243",,,,,,"Veiteberg, Andres",
8313,"CH_BM_prg-3244",,,,,,"Faust, Roland",
8314,"CH_BM_prg-3245",,,,,,"Garzón Arredondo, Santiago",
8315,"CH_BM_prg-3246",,,,,,"Martling, John",
8316,"CH_BM_prg-3247",,,,,,"Quinderé, Breno",
8317,"CH_BM_prg-3248",,,,,,"Szántó, Csongor",
8318,"CH_BM_prg-3249",,,,,,"Waas, Anian",
8319,"CH_BM_prg-3250",,,,,,"Boyer, Ingrid",
8320,"CH_BM_prg-3251",,,,,,"Fukai, Akine",
8321,"CH_BM_prg-3252",,,,,,"Geist, Susanne",
8322,"CH_BM_prg-3253",,,,,,"Glock, Helen",
8323,"CH_BM_prg-3254",,,,,,"Lee, Fiona Kizzie",
8324,"CH_BM_prg-3255",,,,,,"Müller, Noemi",
8325,"CH_BM_prg-3256",,,,,,"Schneider, Charlotte",
8326,"CH_BM_prg-3257",,,,,,"Schwartz, Tabea",
8327,"CH_BM_prg-3258",,,,,,"Smith, Bork-Frithjof",
8328,"CH_BM_prg-3259",,,,,,"Binenfeld, Sonia",
8329,"CH_BM_prg-3260",,,,,,"Bourdat, Kevin",
8330,,,,,,,"Gómez Lozano, Alejandro",
8331,,,,,,,"Rusó, Rebeka",
8332,,,,,,,"Tanasini, Giulio",
8333,,,,,,,"Frank, Lukas",
8334,,,,,,,"Sepúlveda, Carlos Federico",
8335,,,,,,,"Steinmann, Conrad",
8336,,,,,,,"Türk, Gerd",
8337,"CH_BM_prg-3261","482","Concert","20170926","Basel, Peterskirche",,"Lutzenberger, Sabine","Lantins, Arnold de"
8338,"CH_BM_prg-3262",,,,,,"Miller, Tobie","Lantins, Hugo de"
8339,"CH_BM_prg-3263",,,,,,"Fröhlich, Bernd Oliver","Johannes de Lymburgia"
8340,"CH_BM_prg-3264",,,,,,"Schulz, Achim","Anonymus"
8341,"CH_BM_prg-3265",,,,,,"Piganiol, Claire",
8342,"CH_BM_prg-3266",,,,,,"Rumsey, Elizabeth",
8343,"CH_BM_prg-3267",,,,,,"Lewon, Marc",
8344,"CH_BM_prg-3268",,,,,,"Romain, Baptiste",
8345,"CH_BM_prg-3269",,,,,,"Le Miroir de Musique",
8346,"CH_BM_prg-3270",,,,,,,
8347,"CH_BM_prg-3271",,,,,,,
8348,"CH_BM_prg-3272",,,,,,,
8349,"CH_BM_prg-3273",,,,,,,
8350,"CH_BM_prg-3274",,,,,,,
8351,"CH_BM_prg-3275",,,,,,,
8352,"CH_BM_prg-3276",,,,,,,
8353,"CH_BM_prg-3277",,,,,,,
8354,"CH_BM_prg-3278",,,,,,,
8355,"CH_BM_prg-3279",,,,,,,
8356,"CH_BM_prg-3280",,,,,,,
8357,"CH_BM_prg-3281",,,,,,,
8358,"CH_BM_prg-3282",,,,,,,
8359,"CH_BM_prg-3283",,,,,,,
8360,"CH_BM_prg-3284",,,,,,,
8361,"CH_BM_prg-3285",,,,,,,
8362,"CH_BM_prg-3286",,,,,,,
8363,"CH_BM_prg-3287","483","Concert","20171116","Basel, Predigerkirche",,"Bovi, Patrizia","Niccolò Piffaro"
8364,"CH_BM_prg-3288",,,,,,"Montilla-Acurero, Andrés","Bartolucci, Ruffino"
8365,"CH_BM_prg-3289",,,,,,"Sorini, Simone","Cara, Marchetto"
8366,"CH_BM_prg-3290",,,,,,"Sorini, Enea","Razzi, Serafino"
8367,"CH_BM_prg-3291",,,,,,"Degli Esposti, Goffredo","Anonymus"
8368,"CH_BM_prg-3292",,,,,,"Russo, Gabriele","Compère, Loyset"
8369,"CH_BM_prg-3293",,,,,,"Art, Masako","Cimello, Giovanthomaso"
8370,"CH_BM_prg-3294",,,,,,"La Marca, Gianni","Francesco Patavino"
8371,"CH_BM_prg-3295",,,,,,"Miracle, Gabriele","Baldano, Giovanni Lorenzo"
8372,"CH_BM_prg-3296",,,,,,"Young, Crawford","Josquin des Prez"
8373,"CH_BM_prg-3297",,,,,,"Esnemble Micrologus","Fogliano, Lodovico"
8374,"CH_BM_prg-3298",,,,,,,
8375,"CH_BM_prg-3299",,,,,,,
8376,"CH_BM_prg-3300",,,,,,,
8377,"CH_BM_prg-3301",,,,,,,
8378,"CH_BM_prg-3302",,,,,,,
8379,"CH_BM_prg-3303",,,,,,,
8380,"CH_BM_prg-3304",,,,,,,
8381,"CH_BM_prg-3305",,,,,,,
8382,"CH_BM_prg-3306",,,,,,,
8383,"CH_BM_prg-3307",,,,,,,
8384,"CH_BM_prg-3308",,,,,,,
8385,"CH_BM_prg-3309",,,,,,,
8386,"CH_BM_prg-3310",,,,,,,
8387,"CH_BM_prg-3311",,,,,,,
8388,"CH_BM_prg-3312",,,,,,,
8389,"CH_BM_prg-3313",,,,,,,
8390,"CH_BM_prg-3314",,,,,,,
8391,"CH_BM_prg-3315",,,,,,,
8392,"CH_BM_prg-3316",,,,,,,
8393,"CH_BM_prg-3317",,,,,,,
8394,"CH_BM_prg-3318",,,,,,,
8395,"CH_BM_prg-3319",,,,,,,
8396,"CH_BM_prg-3320",,,,,,,
8397,"CH_BM_prg-3321",,,,,,,
8398,"CH_BM_prg-3322",,,,,,,
8399,"CH_BM_prg-3323",,,,,,,
8400,"CH_BM_prg-3324",,,,,,,
8401,"CH_BM_prg-3325",,,,,,,
8402,"CH_BM_prg-3326",,,,,,,
8403,"CH_BM_prg-3327","484","Concert","20180306","Basel, Leonhardskirche",,"Mauillon, Marc","Monteverdi, Claudio"
8404,"CH_BM_prg-3328",,,,,,"Mauillon, Angélique","Merula, Tarquinio"
8405,"CH_BM_prg-3329",,,,,,"Heumann, Friederike","Luzzaschi, Luzzasco"
8406,"CH_BM_prg-3330",,,,,,,"Peri, Jacopo"
8407,"CH_BM_prg-3331",,,,,,,"Selma y Salaverde, Bartolomé de"
8408,"CH_BM_prg-3332",,,,,,,"Kapsperger, Giovanni Girolamo"
8409,"CH_BM_prg-3333",,,,,,,"Ferrari, Benedetto"
8410,"CH_BM_prg-3334",,,,,,,"Moulinié, Étienne"
8411,"CH_BM_prg-3335",,,,,,,"Le Camus, Sébastien"
8412,"CH_BM_prg-3336",,,,,,,"Dufaut, François"
8413,"CH_BM_prg-3337",,,,,,,"Sainte-Colombe, Jean de"
8414,"CH_BM_prg-3338",,,,,,,
8415,"CH_BM_prg-3339",,,,,,,
8416,"CH_BM_prg-3340",,,,,,,
8417,"CH_BM_prg-3341",,,,,,,
8418,"CH_BM_prg-3342",,,,,,,
8419,"CH_BM_prg-3343",,,,,,,
8420,"CH_BM_prg-3344",,,,,,,
8421,"CH_BM_prg-3345",,,,,,,
8422,"CH_BM_prg-3346",,,,,,,
8423,"CH_BM_prg-3347",,,,,,,
8424,"CH_BM_prg-3348",,,,,,,
8425,"CH_BM_prg-3349",,,,,,,
8426,"CH_BM_prg-3350",,,,,,,
8427,"CH_BM_prg-3351",,,,,,,
8428,"CH_BM_prg-3352",,,,,,,
8429,"CH_BM_prg-3353",,,,,,,
8430,"CH_BM_prg-3354",,,,,,,
8431,"CH_BM_prg-3355",,,,,,,
8432,"CH_BM_prg-3356",,,,,,,
8433,"CH_BM_prg-3357",,,,,,,
8434,"CH_BM_prg-3358",,,,,,,
8435,"CH_BM_prg-3359",,,,,,,
8436,"CH_BM_prg-3360",,,,,,,
8437,"CH_BM_prg-3361","485","Concert","20180418","Basel, Martinskirche",,"Nikitassova, Plamena","Anonymus"
8438,"CH_BM_prg-3362",,,,,,"Behr, Julian","Litzkau, Heinrich"
8439,"CH_BM_prg-3363",,,,,,"Müller, Matthias","Döbel, Heinrich"
8440,"CH_BM_prg-3364",,,,,,"Bötticher, Jörg-Andreas","Kerll, Johann Caspar"
8441,"CH_BM_prg-3365",,,,,,,"Walther, Johann Jakob"
8442,"CH_BM_prg-3366",,,,,,,"Biber, Heinrich Ignaz Franz von"
8443,"CH_BM_prg-3367",,,,,,,"Muffat, Georg"
8444,"CH_BM_prg-3368",,,,,,,
8445,"CH_BM_prg-3369",,,,,,,
8446,"CH_BM_prg-3370",,,,,,,
8447,"CH_BM_prg-3371",,,,,,,
8448,"CH_BM_prg-3372",,,,,,,
8449,"CH_BM_prg-3373",,,,,,,
8450,"CH_BM_prg-3374",,,,,,,
8451,"CH_BM_prg-3375",,,,,,,
8452,"CH_BM_prg-3376",,,,,,,
8453,"CH_BM_prg-3377",,,,,,,
8454,"CH_BM_prg-3378",,,,,,,
8455,"CH_BM_prg-3379",,,,,,,
8456,"CH_BM_prg-3380",,,,,,,
8457,"CH_BM_prg-3381",,,,,,,
8458,"CH_BM_prg-3382",,,,,,,
8459,"CH_BM_prg-3383",,,,,,,
8460,"CH_BM_prg-3384",,,,,,,
8461,"CH_BM_prg-3385",,,,,,,
8462,"CH_BM_prg-3386",,,,,,,
8463,"CH_BM_prg-3387","486","Concert","20180525","Basel, Scala",,"Ensemble Ad Fontes","Purcell, Henry"
8464,"CH_BM_prg-3388",,,,,,"Tanzkompanie Chorea Basileae","Steffani, Agostino"
8465,"CH_BM_prg-3389",,,,,,"Pinget, Antonin","Leininger, Thomas"
8466,"CH_BM_prg-3390",,,,,,"Niedecken, Bernd","Lully, Jean-Baptiste"
8467,"CH_BM_prg-3391",,,,,,"Arcos, Alberto","Charaf, Bardia"
8468,"CH_BM_prg-3392",,,,,,"Gal, Mojca","Boësset, Antoine de"
8469,"CH_BM_prg-3393",,,,,,"Leitherer, Barbara","Marais, Marin"
8470,"CH_BM_prg-3394",,,,,,"Grässle, Philipp","Locke, Matthew"
8471,"CH_BM_prg-3395",,,,,,"Freyburger, Aude","Vivaldi, Antonio"
8472,"CH_BM_prg-3396",,,,,,"Ferri Benedetti, Flavio",
8473,"CH_BM_prg-3397",,,,,,"Dunkelblum, Dan",
8474,"CH_BM_prg-3398",,,,,,"Akhmetov, Andrey",
8475,"CH_BM_prg-3399",,,,,,"Baer, Monika",
8476,"CH_BM_prg-3400",,,,,,"Amstutz, Anna",
8477,"CH_BM_prg-3401",,,,,,"Baviera, Giovanna",
8478,"CH_BM_prg-3402",,,,,,"Hurtado Gosalvez, Bruno",
8479,"CH_BM_prg-3403",,,,,,"Aeberhard, Anne Simone",
8480,"CH_BM_prg-3404",,,,,,"Weyermann, Sabina",
8481,"CH_BM_prg-3405",,,,,,"Johannsen, Rainer",
8482,"CH_BM_prg-3406",,,,,,"Vogrin, Tanja",
8483,,,,,,,"Orenstein, Rani",
8484,,,,,,,"Thiele, Nora",
8485,,,,,,,"Weller, Sharon",
8486,,,,,,,"Heiter, Gerrit Berenike",
8487,,,,,,,"Reuber, Lena",
8488,,,,,,,"Uehlinger, Marion",
8489,,,,,,,"Zupančič, Roman",
8490,,,,,,,"Frick, Théo",
8491,"CH_BM_prg-3407","487","Concert","20180620","Basel, Martinskirche",,"Ensemble Les Cornets Noirs","Marini, Biagio"
8492,"CH_BM_prg-3408",,,,,,"Friedrich, Wolf Matthias","Peranda, Giuseppe"
8493,"CH_BM_prg-3409",,,,,,"Beyer, Amandine","Usper, Francesco"
8494,"CH_BM_prg-3410",,,,,,"Stawiarski, Cosimo","Bertali, Antonio"
8495,"CH_BM_prg-3411",,,,,,"Smith, Bork-Frithjof","Castello, Dario"
8496,"CH_BM_prg-3412",,,,,,"David, Gebhard","Picchi, Giovanni"
8497,"CH_BM_prg-3413",,,,,,"Mechelen, Simen van","Schulze, Christian Andreas"
8498,"CH_BM_prg-3414",,,,,,"Günther, Fernando","Schütz, Heinrich"
8499,"CH_BM_prg-3415",,,,,,"Sepec, Patrick","Legrenzi, Giovanni"
8500,"CH_BM_prg-3416",,,,,,"Spaeter, Matthias","Merulo, Claudio"
8501,"CH_BM_prg-3417",,,,,,"Strobl, Johannes","Reina, Sisto"
8502,"CH_BM_prg-3418",,,,,,,"Cima, Gian Paolo"
8503,"CH_BM_prg-3419",,,,,,,"Gabrieli, Giovanni"
8504,"CH_BM_prg-3420",,,,,,,"Gletle, Johann Melchior"
8505,"CH_BM_prg-3421",,,,,,,
8506,"CH_BM_prg-3422",,,,,,,
8507,"CH_BM_prg-3423",,,,,,,
8508,"CH_BM_prg-3424",,,,,,,
8509,"CH_BM_prg-3425",,,,,,,
8510,"CH_BM_prg-3426",,,,,,,
8511,"CH_BM_prg-3427",,,,,,,
8512,"CH_BM_prg-3428",,,,,,,
8513,"CH_BM_prg-3429",,,,,,,
8514,"CH_BM_prg-3430",,,,,,,
8515,"CH_BM_prg-3431",,,,,,,
8516,"CH_BM_prg-3432",,,,,,,
8517,"CH_BM_prg-3433",,,,,,,
8518,"CH_BM_prg-3434",,,,,,,
8519,"CH_BM_prg-3435",,,,,,,
8520,"CH_BM_prg-3436",,,,,,,
8521,"CH_BM_prg-3437","488","Concert","20171213","Basel, Grosser Saal der Musik-Akademie",,"Baù, Teodoro","Forqueray, Jean-Baptiste"
8522,"CH_BM_prg-3438",,,,,,"Bortolotto, Leonardo","Corelli, Arcangelo"
8523,"CH_BM_prg-3439",,,,,,"Buccarella, Andrea","Duphly, Jacques"
8524,"CH_BM_prg-3440",,,,,,"Caminiti, Daniele","Forqueray, Antoine"
8525,"CH_BM_prg-3441",,,,,,,
8526,"CH_BM_prg-3442",,,,,,,
8527,"CH_BM_prg-3443",,,,,,,
8528,"CH_BM_prg-3444",,,,,,,
8529,"CH_BM_prg-3445",,,,,,,
8530,"CH_BM_prg-3446",,,,,,,
8531,"CH_BM_prg-3447",,,,,,,
8532,"CH_BM_prg-3448",,,,,,,
8533,"CH_BM_prg-3449","489","Concert","20180117","Basel, Allgemeine Lesegesellschaft",,"Domus Artis","Rossi, Michelangelo"
8534,"CH_BM_prg-3450",,,"20180118",,,"Keller, Johannes","D'India, Sigismondo"
8535,"CH_BM_prg-3451",,,,,,"Menconi, Florencia",
8536,"CH_BM_prg-3452",,,,,,"Mentes, Dániel",
8537,"CH_BM_prg-3453",,,,,,"Haun de Oliveira, Ivo",
8538,"CH_BM_prg-3454",,,,,,"Quinderé, Breno",
8539,"CH_BM_prg-3455",,,,,,"Szántó, Csongor",
8540,"CH_BM_prg-3456",,,,,,"Kleine, Michael",
8541,"CH_BM_prg-3457",,,,,,,
8542,"CH_BM_prg-3458",,,,,,,
8543,"CH_BM_prg-3459",,,,,,,
8544,"CH_BM_prg-3460",,,,,,,
8545,"CH_BM_prg-3461",,,,,,,
8546,"CH_BM_prg-3462",,,,,,,
8547,"CH_BM_prg-3463",,,,,,,
8548,"CH_BM_prg-3464",,,,,,,
8549,"CH_BM_prg-3465","490","Concert","20181129","Basel, Peterskirche",,"Ensemble Graindelavoix","Hèle, George de la"
8550,"CH_BM_prg-3466",,,,,,"Olsen, Anne-Kathryn","Lobo, Duarte"
8551,"CH_BM_prg-3467",,,,,,"Kamenezky, Alice","Vecchi, Orazio Tiberio"
8552,"CH_BM_prg-3468",,,,,,"Bitar, Razek-François","Bravusi, Paolo"
8553,"CH_BM_prg-3469",,,,,,"Riera, Albert",
8554,"CH_BM_prg-3470",,,,,,"Miravete, Andrés",
8555,"CH_BM_prg-3471",,,,,,"Peterson, Marius",
8556,"CH_BM_prg-3472",,,,,,"Sîrbu, Adrian",
8557,"CH_BM_prg-3473",,,,,,"Malfliet, Arnout",
8558,"CH_BM_prg-3474",,,,,,"Höchbauer, Joachim",
8559,"CH_BM_prg-3475",,,,,,"Schmelzer, Björn",
8560,"CH_BM_prg-3476",,,,,,,
8561,"CH_BM_prg-3477",,,,,,,
8562,"CH_BM_prg-3478",,,,,,,
8563,"CH_BM_prg-3479",,,,,,,
8564,"CH_BM_prg-3480",,,,,,,
8565,"CH_BM_prg-3481",,,,,,,
8566,"CH_BM_prg-3482",,,,,,,
8567,"CH_BM_prg-3483",,,,,,,
8568,"CH_BM_prg-3484",,,,,,,
8569,"CH_BM_prg-3485",,,,,,,
8570,"CH_BM_prg-3486",,,,,,,
8571,"CH_BM_prg-3487",,,,,,,
8572,"CH_BM_prg-3488",,,,,,,
8573,"CH_BM_prg-3489",,,,,,,
8574,"CH_BM_prg-3490",,,,,,,
8575,"CH_BM_prg-3491","491","Concert","20190109","Basel, Peterskirche",,"Capricornus Consort Basel","Richter, Franz Xaver"
8576,"CH_BM_prg-3492",,,,,,"Barczi, Péter",
8577,"CH_BM_prg-3493",,,,,,"Borhi, Éva",
8578,"CH_BM_prg-3494",,,,,,"Jäggi, Matthias",
8579,"CH_BM_prg-3495",,,,,,"Rosin, Daniel",
8580,"CH_BM_prg-3496",,,,,,"Blunden, David",
8581,"CH_BM_prg-3497",,,,,,"Behr, Julian",
8582,"CH_BM_prg-3498",,,,,,"Arfken, Katharina",
8583,"CH_BM_prg-3499",,,,,,,
8584,"CH_BM_prg-3500",,,,,,,
8585,"CH_BM_prg-3501",,,,,,,
8586,"CH_BM_prg-3502",,,,,,,
8587,"CH_BM_prg-3503",,,,,,,
8588,"CH_BM_prg-3504",,,,,,,
8589,"CH_BM_prg-3505",,,,,,,
8590,"CH_BM_prg-3506",,,,,,,
8591,"CH_BM_prg-3507",,,,,,,
8592,"CH_BM_prg-3508",,,,,,,
8593,"CH_BM_prg-3509","492","Concert","20190321","Basel, Peterskirche",,"Magrini, Lisa","Le Jeune, Claude"
8594,"CH_BM_prg-3510",,,,,,"Lablaude, Anne-Marie","Janequin, Clément"
8595,"CH_BM_prg-3511",,,,,,"König, Dina","Willaert, Adrian"
8596,"CH_BM_prg-3512",,,,,,"Lièvre-Picard, Vincent",
8597,"CH_BM_prg-3513",,,,,,"Vellard, Dominique",
8598,"CH_BM_prg-3514",,,,,,"Schiavo, Giacomo",
8599,"CH_BM_prg-3515",,,,,,"Costanzo, Cyril",
8600,"CH_BM_prg-3516",,,,,,"Piganiol, Claire",
8601,"CH_BM_prg-3517",,,,,,"Vicens, Catalina",
8602,"CH_BM_prg-3518",,,,,,"Behr, Julian",
8603,"CH_BM_prg-3519",,,,,,,
8604,"CH_BM_prg-3520",,,,,,,
8605,"CH_BM_prg-3521",,,,,,,
8606,"CH_BM_prg-3522",,,,,,,
8607,"CH_BM_prg-3523",,,,,,,
8608,"CH_BM_prg-3524",,,,,,,
8609,"CH_BM_prg-3525",,,,,,,
8610,"CH_BM_prg-3526",,,,,,,
8611,"CH_BM_prg-3527",,,,,,,
8612,"CH_BM_prg-3528",,,,,,,
8613,"CH_BM_prg-3529",,,,,,,
8614,"CH_BM_prg-3530",,,,,,,
8615,"CH_BM_prg-3531",,,,,,,
8616,"CH_BM_prg-3532",,,,,,,
8617,"CH_BM_prg-3533",,,,,,,
8618,"CH_BM_prg-3534",,,,,,,
8619,"CH_BM_prg-3535",,,,,,,
8620,"CH_BM_prg-3536",,,,,,,
8621,"CH_BM_prg-3537",,,,,,,
8622,"CH_BM_prg-3538",,,,,,,
8623,"CH_BM_prg-3539",,,,,,,
8624,"CH_BM_prg-3540",,,,,,,
8625,"CH_BM_prg-3541",,,,,,,
8626,"CH_BM_prg-3542",,,,,,,
8627,"CH_BM_prg-3543",,,,,,,
8628,"CH_BM_prg-3544",,,,,,,
8629,"CH_BM_prg-3545",,,,,,,
8630,"CH_BM_prg-3546",,,,,,,
8631,"CH_BM_prg-3547","493","Concert","20190405","Basel, Peterskirche",,"Ensemble Leones","Oswald von Wolkenstein"
8632,"CH_BM_prg-3548",,,,,,"Janssens-Vanmunster, Els",
8633,"CH_BM_prg-3549",,,,,,"Andersén, Miriam",
8634,"CH_BM_prg-3550",,,,,,"Winter, Mara",
8635,"CH_BM_prg-3551",,,,,,"Romain, Baptiste",
8636,"CH_BM_prg-3552",,,,,,"Lewon, Marc",
8637,"CH_BM_prg-3553",,,,,,,
8638,"CH_BM_prg-3554",,,,,,,
8639,"CH_BM_prg-3555",,,,,,,
8640,"CH_BM_prg-3556",,,,,,,
8641,"CH_BM_prg-3557",,,,,,,
8642,"CH_BM_prg-3558",,,,,,,
8643,"CH_BM_prg-3559",,,,,,,
8644,"CH_BM_prg-3560",,,,,,,
8645,"CH_BM_prg-3561",,,,,,,
8646,"CH_BM_prg-3562",,,,,,,
8647,"CH_BM_prg-3563",,,,,,,
8648,"CH_BM_prg-3564",,,,,,,
8649,"CH_BM_prg-3565",,,,,,,
8650,"CH_BM_prg-3566",,,,,,,
8651,"CH_BM_prg-3567",,,,,,,
8652,"CH_BM_prg-3568",,,,,,,
8653,"CH_BM_prg-3569",,,,,,,
8654,"CH_BM_prg-3570",,,,,,,
8655,"CH_BM_prg-3571",,,,,,,
8656,"CH_BM_prg-3572",,,,,,,
8657,"CH_BM_prg-3573",,,,,,,
8658,"CH_BM_prg-3574",,,,,,,
8659,"CH_BM_prg-3575",,,,,,,
8660,"CH_BM_prg-3576",,,,,,,
8661,"CH_BM_prg-3577",,,,,,,
8662,"CH_BM_prg-3578",,,,,,,
8663,"CH_BM_prg-3579","494","Concert","20190503","Basel, Peterskirche",,"Yoshida, Soko","Telemann, Georg Philipp"
8664,"CH_BM_prg-3580",,,,,,"Türk, Gerd","Rameau, Jean-Philippe"
8665,"CH_BM_prg-3581",,,,,,"Bötticher, Jörg-Andreas",
8666,"CH_BM_prg-3582",,,,,,"Bachleitner, Anna",
8667,"CH_BM_prg-3583",,,,,,"Diamond, Roberta",
8668,"CH_BM_prg-3584",,,,,,"Fahrion, Cornelia",
8669,"CH_BM_prg-3585",,,,,,"Kirchner, Julia",
8670,"CH_BM_prg-3586",,,,,,"Lelièvre, Jeanne-Marie",
8671,"CH_BM_prg-3587",,,,,,"Roux, Emma-Lisa",
8672,"CH_BM_prg-3588",,,,,,"Myrlak, Marcjanna",
8673,"CH_BM_prg-3589",,,,,,"Roos, Tessa",
8674,"CH_BM_prg-3590",,,,,,"Sone, Aiko",
8675,"CH_BM_prg-3591",,,,,,"Baldensperger, Arthur",
8676,"CH_BM_prg-3592",,,,,,"Barakos, Kimon",
8677,"CH_BM_prg-3593",,,,,,"Coca Loza, José",
8678,"CH_BM_prg-3594",,,,,,"Gygli, Felix",
8679,"CH_BM_prg-3595",,,,,,"Tiroshi, Amir",
8680,"CH_BM_prg-3596",,,,,,"Janská, Zora",
8681,"CH_BM_prg-3597",,,,,,"Sobbe, Lea",
8682,"CH_BM_prg-3598",,,,,,"Kwon, Hojin",
8683,"CH_BM_prg-3599",,,,,,"Bišćević, Eleonora",
8684,"CH_BM_prg-3600",,,,,,"Yoshizaki, Yasuka",
8685,"CH_BM_prg-3601",,,,,,"Ablogina, Darina",
8686,"CH_BM_prg-3602",,,,,,"Gigosos, Pablo Enrique",
8687,"CH_BM_prg-3603",,,,,,"Intrieri, Francesco",
8688,"CH_BM_prg-3604",,,,,,"Cuadrado, José Manuel",
8689,,,,,,,"Sanchez, Adria",
8690,,,,,,,"Domínguez, Áurea",
8691,,,,,,,"Michalak, Joanna",
8692,,,,,,,"Ares López, Berta",
8693,,,,,,,"Hamberger, Lukas",
8694,,,,,,,"Sakanaga, Tamami",
8695,,,,,,,"Wolteche, Aliénor",
8696,,,,,,,"Veres, Sibil",
8697,,,,,,,"Frisch, Johannes",
8698,,,,,,,"Mory, Emilie",
8699,,,,,,,"Gómez, Sara",
8700,,,,,,,"Chigioni, Thomas",
8701,,,,,,,"Leal, Carlos",
8702,,,,,,,"Cáceres, Pablo",
8703,,,,,,,"Kleinman, Nicholas",
8704,,,,,,,"Lanz, Matías",
8705,,,,,,,"Sohn, Dubee",
8706,"CH_BM_prg-3605","495","Concert","20190612","Basel, Martinskirche",,"Ensemble Concerto Soave","Trabaci, Giovanni Maria"
8707,"CH_BM_prg-3606",,,,,,"Kiehr, María Cristina","D'India, Sigismondo"
8708,"CH_BM_prg-3607",,,,,,"Galassi, Mara","Monte, Philippe de"
8709,"CH_BM_prg-3608",,,,,,"Moquet, Sylvie","Peri, Jacopo"
8710,"CH_BM_prg-3609",,,,,,"Spaeter, Matthias","Mayone, Ascanio"
8711,"CH_BM_prg-3610",,,,,,"Aymes, Jean-Marc","Monteverdi, Claudio"
8712,"CH_BM_prg-3611",,,,,,,"Ferrabosco, Alfonso"
8713,"CH_BM_prg-3612",,,,,,,"Kapsperger, Giovanni Girolamo"
8714,"CH_BM_prg-3613",,,,,,,"Gagliano, Marco da"
8715,"CH_BM_prg-3614",,,,,,,
8716,"CH_BM_prg-3615",,,,,,,
8717,"CH_BM_prg-3616",,,,,,,
8718,"CH_BM_prg-3617",,,,,,,
8719,"CH_BM_prg-3618",,,,,,,
8720,"CH_BM_prg-3619",,,,,,,
8721,"CH_BM_prg-3620",,,,,,,
8722,"CH_BM_prg-3621",,,,,,,
8723,"CH_BM_prg-3622",,,,,,,
8724,"CH_BM_prg-3623",,,,,,,
8725,"CH_BM_prg-3624","496","Concert","20181102","Basel, Predigerkirche",,"Abchordis Ensemble","Durante, Francesco"
8726,"CH_BM_prg-3625",,,,,,"Buccarella, Andrea","Porpora, Nicola"
8727,"CH_BM_prg-3626",,,,,,"Lys, Marie","Jommelli, Niccolò"
8728,"CH_BM_prg-3627",,,,,,"Gallo, Maria Chiara",
8729,"CH_BM_prg-3628",,,,,,"Masotti, Antonio",
8730,"CH_BM_prg-3629",,,,,,"Ôno, Akinobu",
8731,"CH_BM_prg-3630",,,,,,"Viel, Katia",
8732,"CH_BM_prg-3631",,,,,,"Vithanage, Lathika",
8733,"CH_BM_prg-3632",,,,,,"Capuzzo, Giulia",
8734,"CH_BM_prg-3633",,,,,,"Paoli, Nicola",
8735,"CH_BM_prg-3634",,,,,,"Lo Cicero, Marco",
8736,"CH_BM_prg-3635",,,,,,"Tomasi, Francesco",
8737,,,,,,,"Graziadio, Giovanni Battista",
8738,,,,,,,"Perer, Deniel",
8739,"CH_BM_prg-3636","497","Concert","20181213","Basel, Grosser Saal der Musik-Akademie",,"Ensemble La Guirlande","Plá, Juan Bautista"
8740,"CH_BM_prg-3637",,,,,,"Martínez Pueyo, Luis","Ximénez, Joaquín Nicolás"
8741,"CH_BM_prg-3638",,,,,,"Boronat Sanz, Joan","Facco, Giacomo"
8742,"CH_BM_prg-3639",,,,,,"Saladin, Eva","Lluch, Felipe"
8743,"CH_BM_prg-3640",,,,,,"Domingo, Ester","Cabanilles, Juan Bautista José"
8744,"CH_BM_prg-3641",,,,,,"FitzGerald, Pablo",
8745,"CH_BM_prg-3642",,,,,,,
8746,"CH_BM_prg-3643",,,,,,,
8747,"CH_BM_prg-3644",,,,,,,
8748,"CH_BM_prg-3645",,,,,,,
8749,"CH_BM_prg-3646",,,,,,,
8750,"CH_BM_prg-3647",,,,,,,
8751,"CH_BM_prg-3648","498","Season","20181102","Basel, Predigerkirche",,"Abchordis Ensemble","Durante, Francesco"
8752,"CH_BM_prg-3649",,,,,,"Buccarella, Andrea","Porpora, Nicola"
8753,"CH_BM_prg-3650",,,,,,"Lys, Marie","Jommelli, Niccolò"
8754,"CH_BM_prg-3651",,,,,,"Gallo, Maria Chiara",
8755,"CH_BM_prg-3652",,,,,,"Masotti, Antonio",
8756,"CH_BM_prg-3653",,,,,,"Ôno, Akinobu",
8757,"CH_BM_prg-3654",,,,,,"Viel, Katia",
8758,"CH_BM_prg-3655",,,,,,"Vithanage, Lathika",
8759,"CH_BM_prg-3656",,,,,,"Capuzzo, Giulia",
8760,"CH_BM_prg-3657",,,,,,"Paoli, Nicola",
8761,"CH_BM_prg-3658",,,,,,"Lo Cicero, Marco",
8762,"CH_BM_prg-3659",,,,,,"Tomasi, Francesco",
8763,"CH_BM_prg-3660",,,,,,"Graziadio, Giovanni Battista",
8764,"CH_BM_prg-3661",,,,,,"Perer, Deniel",
8765,"CH_BM_prg-3662",,,"20181129","Basel, Peterskirche",,"Ensemble Graindelavoix","Hèle, George de la"
8766,"CH_BM_prg-3663",,,,,,"Schmelzer, Björn","Lobo, Duarte"
8767,"CH_BM_prg-3664",,,"20181213","Basel, Grosser Saal der Musik-Akademie",,"Ensemble La Guirlande","Plá, Juan Bautista"
8768,"CH_BM_prg-3665",,,,,,"Martínez Pueyo, Luis","Ximénez, Joaquín Nicolás"
8769,"CH_BM_prg-3666",,,,,,"Boronat Sanz, Joan","Facco, Giacomo"
8770,"CH_BM_prg-3667",,,,,,"Saladin, Eva",
8771,"CH_BM_prg-3668",,,,,,"Domingo, Ester",
8772,"CH_BM_prg-3669",,,,,,"FitzGerald, Pablo",
8773,"CH_BM_prg-3670",,,"20190109","Basel, Peterskirche",,"Capricornus Consort Basel","Richter, Franz Xaver"
8774,"CH_BM_prg-3671",,,,,,"Barczi, Péter",
8775,,,,"20190321","Basel, Peterskirche",,"Magrini, Lisa","Le Jeune, Claude"
8776,,,,,,,"Lablaude, Anne-Marie","Janequin, Clément"
8777,,,,,,,"König, Dina","Willaert, Adrian"
8778,,,,,,,"Lièvre-Picard, Vincent",
8779,,,,,,,"Vellard, Dominique",
8780,,,,,,,"Schiavo, Giacomo",
8781,,,,,,,"Costanzo, Cyril",
8782,,,,,,,"Piganiol, Claire",
8783,,,,,,,"Vicens, Catalina",
8784,,,,,,,"Behr, Julian",
8785,,,,"20190405","Basel, Peterskirche",,"Ensemble Leones","Oswald von Wolkenstein"
8786,,,,,,,"Janssens-Vanmunster, Els",
8787,,,,,,,"Andersén, Miriam",
8788,,,,,,,"Winter, Mara",
8789,,,,,,,"Romain, Baptiste",
8790,,,,,,,"Lewon, Marc",
8791,,,,"20190503","Basel, Peterskirche",,"Wittling, Rahel","Telemann, Georg Philipp"
8792,,,,,,,"Türk, Gerd","Rameau, Jean-Philippe"
8793,,,,,,,"Bötticher, Jörg-Andreas",
8794,,,,"20180620","Basel, Martinskirche",,"Ensemble Concerto Soave","Kapsperger, Giovanni Girolamo"
8795,,,,,,,"Kiehr, María Cristina","D'India, Sigismondo"
8796,,,,,,,"Galassi, Mara","Peri, Jacopo"
8797,,,,,,,"Moquet, Sylvie",
8798,,,,,,,"Spaeter, Matthias",
8799,,,,,,,"Aymes, Jean-Marc",
8800,"CH_BM_prg-3672","499","Concert","20190926","Basel, Martinskirche",,"Blažíková, Hana","Cazzati, Maurizio"
8801,"CH_BM_prg-3673",,,,,,"Dickey, Bruce","Corradini, Nicolò"
8802,"CH_BM_prg-3674",,,,,,"Skuplik, Veronika","Marini, Biagio"
8803,"CH_BM_prg-3675",,,,,,"Aglibut, Catherine","D'India, Sigismondo"
8804,"CH_BM_prg-3676",,,,,,"Velden, Mieneke van der","Palestrina, Giovanni Pierluigi da"
8805,"CH_BM_prg-3677",,,,,,"Verhelst, Kris","Piccinini, Alessandro"
8806,"CH_BM_prg-3678",,,,,,"Lindberg, Jakob","Merula, Tarquinio"
8807,"CH_BM_prg-3679",,,,,,,"Carissimi, Giacomo"
8808,"CH_BM_prg-3680",,,,,,,"Tsoupaki, Calliope"
8809,"CH_BM_prg-3681",,,,,,,"Bassani, Giovanni Battista"
8810,"CH_BM_prg-3682",,,,,,,"Scarlatti, Alessandro"
8811,"CH_BM_prg-3683",,,,,,,
8812,"CH_BM_prg-3684",,,,,,,
8813,"CH_BM_prg-3685",,,,,,,
8814,"CH_BM_prg-3686",,,,,,,
8815,"CH_BM_prg-3687",,,,,,,
8816,"CH_BM_prg-3688",,,,,,,
8817,"CH_BM_prg-3689",,,,,,,
8818,"CH_BM_prg-3690",,,,,,,
8819,"CH_BM_prg-3691",,,,,,,
8820,"CH_BM_prg-3692",,,,,,,
8821,"CH_BM_prg-3693",,,,,,,
8822,"CH_BM_prg-3694",,,,,,,
8823,"CH_BM_prg-3695",,,,,,,
8824,"CH_BM_prg-3696","500","Concert","20191109","Basel, Peterskirche",,"Ensemble Café Zimmermann","Geminiani, Francesco"
8825,"CH_BM_prg-3697",,,,,,"Frisch, Céline","Händel, Georg Friedrich"
8826,"CH_BM_prg-3698",,,,,,"Valetti, Pablo","Scarlatti, Alessandro"
8827,"CH_BM_prg-3699",,,,,,"Ferreira, Mauro Lopes","Avison, Charles"
8828,"CH_BM_prg-3700",,,,,,"Pupulin, Margherita","Corelli, Arcangelo"
8829,"CH_BM_prg-3701",,,,,,"Ferguson, Lisa",
8830,"CH_BM_prg-3702",,,,,,"Geest, Catherine van de",
8831,"CH_BM_prg-3703",,,,,,"Biely, Peter",
8832,"CH_BM_prg-3704",,,,,,"Moral, Guadalupe del",
8833,"CH_BM_prg-3705",,,,,,"Gagnon, Patricia",
8834,"CH_BM_prg-3706",,,,,,"Uzzeni, Lucie",
8835,"CH_BM_prg-3707",,,,,,"Máté, Balázs",
8836,,,,,,,"Mangot, Étienne",
8837,,,,,,,"Nava, Davide",
8838,,,,,,,"Cristóbal, Carles",
8839,"CH_BM_prg-3708","501","Concert","20200115","Basel, Martinskirche",,"Ensemble Vox Luminis","Bach, Johann Sebastian"
8840,"CH_BM_prg-3709",,,,,,"Meunier, Lionel",
8841,"CH_BM_prg-3710",,,,,,"Suni, Tuomo",
8842,"CH_BM_prg-3711",,,,,,"Frisch, Johannes",
8843,"CH_BM_prg-3712",,,,,,"Velden, Mieneke van der",
8844,"CH_BM_prg-3713",,,,,,"Rodríguez Miranda, Ricardo",
8845,"CH_BM_prg-3714",,,,,,"Kernoa, Ronan",
8846,"CH_BM_prg-3715",,,,,,"Aghassi, Benny",
8847,"CH_BM_prg-3716",,,,,,"Moisio, Jasu",
8848,"CH_BM_prg-3717",,,,,,"Jacobs, Bart",
8849,"CH_BM_prg-3718",,,,,,"Tóth, Zsuzsi",
8850,"CH_BM_prg-3719",,,,,,"True, Stefanie",
8851,"CH_BM_prg-3720",,,,,,"Chance, Alexander",
8852,"CH_BM_prg-3721",,,,,,"König, Dina",
8853,"CH_BM_prg-3722",,,,,,"Froeliger, Philippe",
8854,"CH_BM_prg-3723",,,,,,"Myrus, Sebastian",
8855,"CH_BM_prg-3724","502","Concert","20200221","Basel, Martinskirche",,"Baráth, Emőke","Strozzi, Barbara"
8856,"CH_BM_prg-3725",,,,,,"Ensemble Il pomo d'oro","Marini, Biagio"
8857,"CH_BM_prg-3726",,,,,,"Corti, Francesco","Cesti, Antonio"
8858,"CH_BM_prg-3727",,,,,,"Rossi, Stefano","Merula, Tarquinio"
8859,"CH_BM_prg-3728",,,,,,"Solano, Amandine","Cavalli, Francesco"
8860,"CH_BM_prg-3729",,,,,,"Baù, Teodoro",
8861,"CH_BM_prg-3730",,,,,,"Jacques, Emmanuel",
8862,"CH_BM_prg-3731",,,,,,"Coelati Rama, Riccardo",
8863,"CH_BM_prg-3732",,,,,,"Geremia, Gianluca",
8864,"CH_BM_prg-3733",,,,,,"Pasotti, Michele",
8865,"CH_BM_prg-3734",,,,,,"Buccarella, Andrea",
8866,"CH_BM_prg-3735",,,,,,,
8867,"CH_BM_prg-3736",,,,,,,
8868,"CH_BM_prg-3737",,,,,,,
8869,"CH_BM_prg-3738",,,,,,,
8870,"CH_BM_prg-3739",,,,,,,
8871,"CH_BM_prg-3740",,,,,,,
8872,"CH_BM_prg-3741",,,,,,,
8873,"CH_BM_prg-3742",,,,,,,
8874,"CH_BM_prg-3743",,,,,,,
8875,"CH_BM_prg-3744",,,,,,,
8876,"CH_BM_prg-3745",,,,,,,
8877,"CH_BM_prg-3746",,,,,,,
8878,"CH_BM_prg-3747",,,,,,,
8879,"CH_BM_prg-3748","503","Concert","20201117","Basel, Peterskirche",,"Ensemble L'Achéron","Coprario, John"
8880,"CH_BM_prg-3749",,,,,,"Joubert-Caillet, François","Lawes, William"
8881,"CH_BM_prg-3750",,,,,,"Linos, Andreas","Monteverdi, Claudio"
8882,"CH_BM_prg-3751",,,,,,"Loye, Marie-Suzanne de","Simpson, Christopher"
8883,"CH_BM_prg-3752",,,,,,"Piloz, Aude-Marie","Ferrabosco, Alfonso"
8884,"CH_BM_prg-3753",,,,,,"Chemin, Amélie","Jenkins, John"
8885,"CH_BM_prg-3754",,,,,,"Oudenhove, Sarah van","Dering, Richard"
8886,"CH_BM_prg-3755",,,,,,"Moulin, Yoann","White, William"
8887,"CH_BM_prg-3756",,,,,,"Grisvard, Philippe",
8888,"CH_BM_prg-3757",,,,,,,
8889,"CH_BM_prg-3758",,,,,,,
8890,"CH_BM_prg-3759",,,,,,,
8891,"CH_BM_prg-3760","504","Concert","20200915","Basel, Peterskirche",,"Ensemble Dialogos","Anonymus"
8892,"CH_BM_prg-3761",,,,,,"Livljanić, Katarina",
8893,"CH_BM_prg-3762",,,,,,"Boiron, Christel",
8894,"CH_BM_prg-3763",,,,,,"Coutouly, Clara",
8895,"CH_BM_prg-3764",,,,,,"Gesret, Caroline",
8896,"CH_BM_prg-3765",,,,,,"Rankin, Susan",
8897,"CH_BM_prg-3766",,,,,,,
8898,"CH_BM_prg-3767",,,,,,,
8899,"CH_BM_prg-3768",,,,,,,
8900,"CH_BM_prg-3769",,,,,,,
8901,"CH_BM_prg-3770",,,,,,,
8902,"CH_BM_prg-3771",,,,,,,
8903,"CH_BM_prg-3772","505","Concert","20191204","Basel, Grosser Saal der Musik-Akademie",,"Ensemble Sonorità","Rossi, Salamone"
8904,"CH_BM_prg-3773",,,,,,"Sobbe, Lea","Turini, Francesco"
8905,"CH_BM_prg-3774",,,,,,"Kwon, Hojin","Hotteterre, Jacques"
8906,"CH_BM_prg-3775",,,,,,"Maskulrat, Ekachai","Bach, Johann Sebastian"
8907,"CH_BM_prg-3776",,,,,,"Flores, Melanie","Geoffroy, Jean-Nicolas"
8908,"CH_BM_prg-3777",,,,,,,"Telemann, Georg Philipp"
8909,"CH_BM_prg-3778",,,,,,,"Monteverdi, Claudio"
8910,"CH_BM_prg-3779",,,,,,,
8911,"CH_BM_prg-3780","506","Concert","20200120","Basel, Grosser Saal der Musik-Akademie",,"Ensemble El gran teatro del mundo","Fischer, Johann Caspar Ferdinand"
8912,"CH_BM_prg-3781",,,,,,"Ormond, Coline","Muffat, Georg"
8913,"CH_BM_prg-3782",,,,,,"Hamberger, Lukas","Telemann, Georg Philipp"
8914,"CH_BM_prg-3783",,,,,,"Bartz, Johanna",
8915,,,,,,,"Jorde Hompanera, Miriam",
8916,,,,,,,"Hurtado Gosalvez, Bruno",
8917,,,,,,,"Nordberg, Jonas",
8918,,,,,,,"Caballero Pérez, Julio",
8919,"CH_BM_prg-3784","507","Season","20190926","Basel, Martinskirche",,"Blažíková, Hana","Cazzati, Maurizio"
8920,"CH_BM_prg-3785",,,,,,"Dickey, Bruce","Corradini, Nicolò"
8921,"CH_BM_prg-3786",,,,,,"Skuplik, Veronika","Marini, Biagio"
8922,"CH_BM_prg-3787",,,,,,"Aglibut, Catherine","D'India, Sigismondo"
8923,"CH_BM_prg-3788",,,,,,"Velden, Mieneke van der","Palestrina, Giovanni Pierluigi da"
8924,"CH_BM_prg-3789",,,,,,"Verhelst, Kris","Carissimi, Giacomo"
8925,"CH_BM_prg-3790",,,,,,"Lindberg, Jakob",
8926,"CH_BM_prg-3791",,,"20191109","Basel, Peterskirche",,"Ensemble Café Zimmermann","Geminiani, Francesco"
8927,"CH_BM_prg-3792",,,,,,"Frisch, Céline","Händel, Georg Friedrich"
8928,"CH_BM_prg-3793",,,,,,"Valetti, Pablo","Avison, Charles"
8929,"CH_BM_prg-3794",,,,,,"Ferreira, Mauro Lopes",
8930,"CH_BM_prg-3795",,,,,,"Pupulin, Margherita",
8931,"CH_BM_prg-3796",,,,,,"Ferguson, Lisa",
8932,"CH_BM_prg-3797",,,,,,"Geest, Catherine van de",
8933,"CH_BM_prg-3798",,,,,,"Biely, Peter",
8934,"CH_BM_prg-3799",,,,,,"Moral, Guadalupe del",
8935,"CH_BM_prg-3800",,,,,,"Gagnon, Patricia",
8936,"CH_BM_prg-3801",,,,,,"Uzzeni, Lucie",
8937,"CH_BM_prg-3802",,,,,,"Mangot, Étienne",
8938,"CH_BM_prg-3803",,,,,,"Nava, Davide",
8939,"CH_BM_prg-3804",,,,,,"Cristóbal, Carles",
8940,"CH_BM_prg-3805",,,"20191204","Basel, Grosser Saal der Musik-Akademie",,"Ensemble Sonorità","Rossi, Salamone"
8941,"CH_BM_prg-3806",,,,,,"Sobbe, Lea","Turini, Francesco"
8942,"CH_BM_prg-3807",,,,,,"Kwon, Hojin","Hotteterre, Jacques"
8943,"CH_BM_prg-3808",,,,,,"Maskulrat, Ekachai","Bach, Johann Sebastian"
8944,"CH_BM_prg-3809",,,,,,"Flores, Melanie","Monteverdi, Claudio"
8945,"CH_BM_prg-3810",,,"20200120","Basel, Grosser Saal der Musik-Akademie",,"Ensemble El gran teatro del mundo","Fischer, Johann Caspar Ferdinand"
8946,"CH_BM_prg-3811",,,,,,"Ormond, Coline","Muffat, Georg"
8947,"CH_BM_prg-3812",,,,,,"Hamberger, Lukas","Telemann, Georg Philipp"
8948,"CH_BM_prg-3813",,,,,,"Bartz, Johanna","Kusser, Johann Sigismund"
8949,,,,,,,"Jorde Hompanera, Miriam",
8950,,,,,,,"Hurtado Gosalvez, Bruno",
8951,,,,,,,"Duncumb, Jadran",
8952,,,,,,,"Caballero Pérez, Julio",
8953,,,,"20200115","Basel, Martinskirche",,"Ensemble Vox Luminis","Bach, Johann Sebastian"
8954,,,,,,,"Meunier, Lionel",
8955,,,,,,,"Suni, Tuomo",
8956,,,,,,,"Frisch, Johannes",
8957,,,,,,,"Velden, Mieneke van der",
8958,,,,,,,"Rodríguez Miranda, Ricardo",
8959,,,,,,,"Aghassi, Benny",
8960,,,,,,,"Moisio, Jasu",
8961,,,,,,,"Jacobs, Bart",
8962,,,,,,,"Tóth, Zsuzsi",
8963,,,,,,,"True, Stefanie",
8964,,,,,,,"Chance, Alexander",
8965,,,,,,,"König, Dina",
8966,,,,,,,"Froeliger, Philippe",
8967,,,,,,,"Myrus, Sebastian",
8968,,,,"20200221","Basel, Martinskirche",,"Baráth, Emőke","Strozzi, Barbara"
8969,,,,,,,"Ensemble Il pomo d'oro","Marini, Biagio"
8970,,,,,,,"Corti, Francesco","Cesti, Antonio"
8971,,,,,,,"Rossi, Stefano","Merula, Tarquinio"
8972,,,,,,,"Vithanage, Lathika","Cavalli, Francesco"
8973,,,,,,,"Prada, Rodney",
8974,,,,,,,"Knecht, Felix",
8975,,,,,,,"Coelati Rama, Riccardo",
8976,,,,,,,"Geremia, Gianluca",
8977,,,,,,,"Pasotti, Michele",
8978,,,,,,,"Buccarella, Andrea",
8979,,,,,,,"Rincón, Miguel",
8980,,,,"20200423","Basel, Peterskirche",,"Ensemble L'Achéron","Coprario, John"
8981,,,,,,,"Joubert-Caillet, François","Lawes, William"
8982,,,,,,,"Linos, Andreas","Monteverdi, Claudio"
8983,,,,,,,"Loye, Marie-Suzanne de","Simpson, Christopher"
8984,,,,,,,"Piloz, Aude-Marie","Ferrabosco, Alfonso"
8985,,,,,,,"Chemin, Amélie","Jenkins, John"
8986,,,,,,,"Oudenhove, Sarah van","Dering, Richard"
8987,,,,,,,"Moulin, Yoann","White, William"
8988,,,,,,,"Grisvard, Philippe","Ward, John"
8989,,,,,,,,"Lupo, Thomas"
8990,,,,,,,,"Coprario, John"
8991,,,,"20200507","Basel, Peterskirche",,"Ensemble Dialogos","Anonymus"
8992,,,,,,,"Livljanić, Katarina",
8993,,,,,,,"Boiron, Christel",
8994,,,,,,,"Coutouly, Clara",
8995,,,,,,,"Gesret, Caroline",
8996,"CH_BM_prg-3814","508","Season","20201202","Basel, Grosser Saal der Musik-Akademie",,"Ensemble Musica Amici","Fiorenza, Nicola"
8997,"CH_BM_prg-3815",,,,,,"Sakanaga, Tamami","Matteis, Nicola"
8998,"CH_BM_prg-3816",,,,,,"Dumas, Naomi","Boccherini, Luigi"
8999,"CH_BM_prg-3817",,,,,,"Gómez Yunta, Sara",
9000,"CH_BM_prg-3818",,,,,,"Spitz, Léo",
9001,"CH_BM_prg-3819",,,,,,"Kamimura, Ayano",
9002,"CH_BM_prg-3820",,,,,,"Lee, Han-Na",
9003,"CH_BM_prg-3821",,,"20210113","Basel, Predigerkirche",,"Ensemble Rumorum",
9004,"CH_BM_prg-3822",,,,,,"Newcombe, Grace",
9005,"CH_BM_prg-3823",,,,,,"Mariani, Jacob",
9006,"CH_BM_prg-3824",,,,,,"Deger, Matthias",
9007,"CH_BM_prg-3825",,,,,,"Verry, Félix",
9008,"CH_BM_prg-3826",,,,,,"Winter, Mara",
9009,"CH_BM_prg-3827",,,"20210120","Basel, Hans Huber-Saal des Stadtcasinos Basel",,"Saladin, Eva","Matteis, Nicola"
9010,"CH_BM_prg-3828",,,,,,"Rosin, Daniel","Cailò, Giovanni Carlo"
9011,"CH_BM_prg-3829",,,,,,"Keller, Johannes","Piani, Giovanni Antonio"
9012,"CH_BM_prg-3830",,,,,,,"Scarlatti, Alessandro"
9013,"CH_BM_prg-3831",,,"20210304","Basel, Peterskirche",,"Ensemble La Reverdie","Landini, Francesco"
9014,"CH_BM_prg-3832",,,,,,"Caffagni, Claudia",
9015,"CH_BM_prg-3833",,,,,,"Caffagni, Livia",
9016,"CH_BM_prg-3834",,,,,,"De Mircovich, Elisabetta",
9017,"CH_BM_prg-3835",,,,,,"Zenatti, Matteo",
9018,"CH_BM_prg-3836",,,,,,"Tommasi, Teodora",
9019,"CH_BM_prg-3837",,,,,,"Deslignes, Christophe",
9020,"CH_BM_prg-3838",,,"20210423","Basel, Hans Huber-Saal des Stadtcasinos Basel",,"Ensemble Aux pieds du roy","Bach, Johann Sebastian"
9021,"CH_BM_prg-3839",,,,,,"Form, Michael",
9022,"CH_BM_prg-3840",,,,,,"Roquié, Marie",
9023,"CH_BM_prg-3841",,,,,,"Quintana, Juan Manuel",
9024,"CH_BM_prg-3842",,,,,,"Börner, Dirk",
9025,,,,"20210506","Basel, Peterskirche",,"Luks, Václav","Caldara, Antonio"
9026,,,,,,,,"Lotti, Antonio"
9027,,,,"20210524","Münchenstein, Saal des Kuspo",,"Compagnia La baldracca","Pergolesi, Giovanni Battista"
9028,,,,"20210525",,,"Landsberg, Julia von",
9029,,,,,,,"Henschel, Dietrich",
9030,,,,,,,"Schvarzstein, Adrian",
9031,,,,,,,"Höft, Thomas",
9032,,,,,,,"Cano, Didac",
9033,,,,,,,"Hell, Michael",
9034,,,,"20210603","Basel, Martinskirche",,"Capricornus Consort Basel","Mozart, Wolfgang Amadeus"
9035,,,,,,,"Hofbauer, Ulrike","Haydn, Joseph"
9036,,,,,,,"Jans, Jessica","Hiller, Johann Adam"
9037,"CH_BM_prg-3843","509","Concert","20210120","Basel, Hans Huber-Saal des Stadtcasinos Basel",,"Saladin, Eva","Matteis, Nicola"
9038,"CH_BM_prg-3844",,,,,,"Rosin, Daniel","Cailò, Giovanni Carlo"
9039,"CH_BM_prg-3845",,,,,,"Keller, Johannes","Piani, Giovanni Antonio"
9040,"CH_BM_prg-3846",,,,,,,"Scarlatti, Alessandro"
9041,"CH_BM_prg-3847",,,,,,,"Mascitti, Michele"
9042,"CH_BM_prg-3848",,,,,,,"Lonati, Carlo Ambrogio"
9043,"CH_BM_prg-3849",,,,,,,
9044,"CH_BM_prg-3850",,,,,,,
9045,"CH_BM_prg-3851","510","Concert","20210304","Basel, Peterskirche",,"Ensemble La Reverdie","Landini, Francesco"
9046,"CH_BM_prg-3852",,,,,,"Caffagni, Claudia",
9047,"CH_BM_prg-3853",,,,,,"Caffagni, Livia",
9048,"CH_BM_prg-3854",,,,,,"De Mircovich, Elisabetta",
9049,"CH_BM_prg-3855",,,,,,"Zenatti, Matteo",
9050,"CH_BM_prg-3856",,,,,,"Tommasi, Teodora",
9051,"CH_BM_prg-3857",,,,,,"Deslignes, Christophe",
9052,"CH_BM_prg-3858",,,,,,,
9053,"CH_BM_prg-3859",,,,,,,
9054,"CH_BM_prg-3860",,,,,,,
9055,"CH_BM_prg-3861",,,,,,,
9056,"CH_BM_prg-3862",,,,,,,
9057,"CH_BM_prg-3863",,,,,,,
9058,"CH_BM_prg-3864",,,,,,,
9059,"CH_BM_prg-3865",,,,,,,
9060,"CH_BM_prg-3866",,,,,,,
9061,"CH_BM_prg-3867",,,,,,,
9062,"CH_BM_prg-3868",,,,,,,
9063,"CH_BM_prg-3869",,,,,,,
9064,"CH_BM_prg-3870",,,,,,,
9065,"CH_BM_prg-3871","511","Concert","20201202","Basel, Grosser Saal der Musik-Akademie",,"Ensemble Musica Amici","Fiorenza, Nicola"
9066,"CH_BM_prg-3872",,,,,,"Sakanaga, Tamami","Matteis, Nicola"
9067,"CH_BM_prg-3873",,,,,,"Dumas, Naomi","Boccherini, Luigi"
9068,"CH_BM_prg-3874",,,,,,"Gómez Yunta, Sara",
9069,,,,,,,"Spitz, Léo",
9070,,,,,,,"Kamimura, Ayano",
9071,,,,,,,"Lee, Han-Na",
